<?xml version="1.0"?>
<!DOCTYPE modulesynopsis SYSTEM "../style/modulesynopsis.dtd">
<?xml-stylesheet type="text/xsl" href="../style/manual.en.xsl"?>
<!-- $LastChangedRevision$ -->

<!--
 Licensed to the Apache Software Foundation (ASF) under one or more
 contributor license agreements.  See the NOTICE file distributed with
 this work for additional information regarding copyright ownership.
 The ASF licenses this file to You under the Apache License, Version 2.0
 (the "License"); you may not use this file except in compliance with
 the License.  You may obtain a copy of the License at

     http://www.apache.org/licenses/LICENSE-2.0

 Unless required by applicable law or agreed to in writing, software
 distributed under the License is distributed on an "AS IS" BASIS,
 WITHOUT WARRANTIES OR CONDITIONS OF ANY KIND, either express or implied.
 See the License for the specific language governing permissions and
 limitations under the License.
-->

<modulesynopsis metafile="mod_suexec.xml.meta">

<name>mod_suexec</name>
<description>Allows CGI scripts to run as a specified user
and Group</description>
<status>Extension</status>
<sourcefile>mod_suexec.c</sourcefile>
<identifier>suexec_module</identifier>


<summary>
    <p>This module, in combination with the <program>
    suexec</program> support program allows
    CGI scripts to run as a specified user and Group.</p>
</summary>

<seealso><a href="../suexec.html">SuEXEC support</a></seealso>

<directivesynopsis>

<name>SuexecUserGroup</name>
<description>User and group for CGI programs to run as</description>
<syntax>SuexecUserGroup <em>User Group</em></syntax>
<contextlist><context>server config</context>
<context>virtual host</context></contextlist>

<usage>
    <p>The <directive>SuexecUserGroup</directive> directive allows you
    to specify a user and group for CGI programs to run as. Non-CGI
    requests are still processed with the user specified in the <directive
    module="mod_unixd">User</directive> directive.</p>

    <example>
    <title>Example</title>
    <highlight language="config">
    SuexecUserGroup nobody nogroup
    </highlight>
    </example>

    <p>Startup will fail if this directive is specified but the suEXEC
    feature is disabled.</p>
</usage>
<seealso><directive module="mod_unixd">Suexec</directive></seealso>
</directivesynopsis>

</modulesynopsis>

