<?xml version="1.0"?>
<!DOCTYPE modulesynopsis SYSTEM "../style/modulesynopsis.dtd">
<?xml-stylesheet type="text/xsl" href="../style/manual.en.xsl"?>
<!-- $LastChangedRevision$ -->

<!--
 Licensed to the Apache Software Foundation (ASF) under one or more
 contributor license agreements.  See the NOTICE file distributed with
 this work for additional information regarding copyright ownership.
 The ASF licenses this file to You under the Apache License, Version 2.0
 (the "License"); you may not use this file except in compliance with
 the License.  You may obtain a copy of the License at

     http://www.apache.org/licenses/LICENSE-2.0

 Unless required by applicable law or agreed to in writing, software
 distributed under the License is distributed on an "AS IS" BASIS,
 WITHOUT WARRANTIES OR CONDITIONS OF ANY KIND, either express or implied.
 See the License for the specific language governing permissions and
 limitations under the License.
-->

<modulesynopsis metafile="mod_dbd.xml.meta">

<name>mod_dbd</name>
<description>Manages SQL database connections</description>
<status>Extension</status>
<sourcefile>mod_dbd.c</sourcefile>
<identifier>dbd_module</identifier>
<compatibility>Version 2.1 and later</compatibility>

<summary>
    <p><module>mod_dbd</module> manages SQL database connections using
    <glossary>APR</glossary>.  It provides database connections on request
    to modules requiring SQL database functions, and takes care of
    managing databases with optimal efficiency and scalability
    for both threaded and non-threaded MPMs.  For details, see the
    <a href="http://apr.apache.org/">APR</a> website and this overview of the
    <a href="http://people.apache.org/~niq/dbd.html">Apache DBD Framework</a>
    by its original developer.
</p>
</summary>

<seealso><a href="../misc/password_encryptions.html">Password Formats</a></seealso>

<section id="pooling"><title>Connection Pooling</title>
    <p>This module manages database connections, in a manner
    optimised for the platform.  On non-threaded platforms,
    it provides a persistent connection in the manner of
    classic LAMP (Linux, Apache, Mysql, Perl/PHP/Python).
    On threaded platform, it provides an altogether more
    scalable and efficient <em>connection pool</em>, as
    described in <a href="http://www.apachetutor.org/dev/reslist">this
    article at ApacheTutor</a>.  Note that <module>mod_dbd</module>
    supersedes the modules presented in that article.</p>
</section>

<section id="connecting"><title>Connecting</title>

    <p>To connect to your database, you'll need to specify
    a driver, and connection parameters. These vary from
    one database engine to another. For example, to connect
    to mysql, do the following:</p>

<highlight language="config">
DBDriver mysql
DBDParams host=localhost,dbname=pony,user=shetland,pass=appaloosa
</highlight>

    <p>You can then use this connection in a variety of other
    modules, including <module>mod_rewrite</module>,
    <module>mod_authn_dbd</module>, and <module>mod_lua</module>.
    Further usage examples appear in each of those modules'
    documentation.</p>

    <p>See <directive>DBDParams</directive> for connection string
    information for each of the supported database drivers.</p>

</section>

<section id="API"><title>Apache DBD API</title>
    <p><module>mod_dbd</module> exports five functions for other modules
    to use. The API is as follows:</p>

<highlight language="c">
typedef struct {
    apr_dbd_t *handle;
    apr_dbd_driver_t *driver;
    apr_hash_t *prepared;
} ap_dbd_t;

/* Export functions to access the database */

/* acquire a connection that MUST be explicitly closed.
 * Returns NULL on error
 */
AP_DECLARE(ap_dbd_t*) ap_dbd_open(apr_pool_t*, server_rec*);

/* release a connection acquired with ap_dbd_open */
AP_DECLARE(void) ap_dbd_close(server_rec*, ap_dbd_t*);

/* acquire a connection that will have the lifetime of a request
 * and MUST NOT be explicitly closed.  Return NULL on error.
 * This is the preferred function for most applications.
 */
AP_DECLARE(ap_dbd_t*) ap_dbd_acquire(request_rec*);

/* acquire a connection that will have the lifetime of a connection
 * and MUST NOT be explicitly closed.  Return NULL on error.
 */
AP_DECLARE(ap_dbd_t*) ap_dbd_cacquire(conn_rec*);

/* Prepare a statement for use by a client module */
AP_DECLARE(void) ap_dbd_prepare(server_rec*, const char*, const char*);

/* Also export them as optional functions for modules that prefer it */
APR_DECLARE_OPTIONAL_FN(ap_dbd_t*, ap_dbd_open, (apr_pool_t*, server_rec*));
APR_DECLARE_OPTIONAL_FN(void, ap_dbd_close, (server_rec*, ap_dbd_t*));
APR_DECLARE_OPTIONAL_FN(ap_dbd_t*, ap_dbd_acquire, (request_rec*));
APR_DECLARE_OPTIONAL_FN(ap_dbd_t*, ap_dbd_cacquire, (conn_rec*));
APR_DECLARE_OPTIONAL_FN(void, ap_dbd_prepare, (server_rec*, const char*, const char*));
</highlight>
</section>

<section id="prepared"><title>SQL Prepared Statements</title>
    <p><module>mod_dbd</module> supports SQL prepared statements on behalf
    of modules that may wish to use them.  Each prepared statement
    must be assigned a name (label), and they are stored in a hash:
    the <code>prepared</code> field of an <code>ap_dbd_t</code>.
    Hash entries are of type <code>apr_dbd_prepared_t</code>
    and can be used in any of the apr_dbd prepared statement
    SQL query or select commands.</p>

    <p>It is up to dbd user modules to use the prepared statements
    and document what statements can be specified in httpd.conf,
    or to provide their own directives and use <code>ap_dbd_prepare</code>.</p>
	
	<note type="warning"><title>Caveat</title>
	When using prepared statements with a MySQL database, it is preferred to set
	<code>reconnect</code> to 0 in the connection string as to avoid errors that
	arise from the MySQL client reconnecting without properly resetting the
	prepared statements. If set to 1, any broken connections will be attempted
	fixed, but as mod_dbd is not informed, the prepared statements will be invalidated.
	</note>
</section>

<section id="security">
<title>SECURITY WARNING</title>
    <p>Any web/database application needs to secure itself against SQL
    injection attacks.  In most cases, Apache DBD is safe, because
    applications use prepared statements, and untrusted inputs are
    only ever used as data.  Of course, if you use it via third-party
    modules, you should ascertain what precautions they may require.</p>
    <p>However, the <var>FreeTDS</var> driver is inherently
    <strong>unsafe</strong>.  The underlying library doesn't support
    prepared statements, so the driver emulates them, and the
    untrusted input is merged into the SQL statement.</p>
    <p>It can be made safe by <em>untainting</em> all inputs:
    a process inspired by Perl's taint checking.  Each input
    is matched against a regexp, and only the match is used,
    according to the Perl idiom:</p>
    <example>
        <pre><code>  $untrusted =~ /([a-z]+)/;
  $trusted = $1;</code></pre>
    </example>
    <p>To use this, the untainting regexps must be included in the
    prepared statements configured.  The regexp follows immediately
    after the % in the prepared statement, and is enclosed in
    curly brackets {}.  For example, if your application expects
    alphanumeric input, you can use:</p>
    <example>
       <code>"SELECT foo FROM bar WHERE input = %s"</code>
    </example>
    <p>with other drivers, and suffer nothing worse than a failed query.
    But with FreeTDS you'd need:</p>
    <example>
       <code>"SELECT foo FROM bar WHERE input = %{([A-Za-z0-9]+)}s"</code>
    </example>
    <p>Now anything that doesn't match the regexp's $1 match is
    discarded, so the statement is safe.</p>
    <p>An alternative to this may be the third-party ODBC driver,
    which offers the security of genuine prepared statements.</p>
</section>
<directivesynopsis>
<name>DBDriver</name>
<description>Specify an SQL driver</description>
<syntax>DBDriver <var>name</var></syntax>
<contextlist><context>server config</context><context>virtual host</context>
</contextlist>

<usage>
    <p>Selects an apr_dbd driver by name.  The driver must be installed
    on your system (on most systems, it will be a shared object or dll).
    For example, <code>DBDriver mysql</code> will select the MySQL
    driver in apr_dbd_mysql.so.</p>
</usage>
</directivesynopsis>

<directivesynopsis>
<name>DBDParams</name>
<description>Parameters for database connection</description>
<syntax>DBDParams
<var>param1</var>=<var>value1</var>[,<var>param2</var>=<var>value2</var>]</syntax>
<contextlist><context>server config</context><context>virtual host</context>
</contextlist>

<usage>
    <p>As required by the underlying driver.  Typically this will be
    used to pass whatever cannot be defaulted amongst username,
    password, database name, hostname and port number for connection.</p>
    <p>Connection string parameters for current drivers include:</p>
    <dl>
    <dt>FreeTDS (for MSSQL and SyBase)</dt>
    <dd>username, password, appname, dbname, host, charset, lang, server</dd>
    <dt>MySQL</dt>
    <dd>host, port, user, pass, dbname, sock, flags, fldsz, group, reconnect</dd>
    <dt>Oracle</dt>
    <dd>user, pass, dbname, server</dd>
    <dt>PostgreSQL</dt>
    <dd>The connection string is passed straight through to <code>PQconnectdb</code></dd>
    <dt>SQLite2</dt>
    <dd>The connection string is split on a colon, and <code>part1:part2</code> is used as <code>sqlite_open(part1, atoi(part2), NULL)</code></dd>
    <dt>SQLite3</dt>
    <dd>The connection string is passed straight through to <code>sqlite3_open</code></dd>
    <dt>ODBC</dt>
    <dd>datasource, user, password, connect, ctimeout, stimeout, access, txmode, bufsize</dd>
    </dl>
</usage>
</directivesynopsis>

<directivesynopsis>
<name>DBDPersist</name>
<description>Whether to use persistent connections</description>
<syntax>DBDPersist On|Off</syntax>
<contextlist><context>server config</context><context>virtual host</context>
</contextlist>

<usage>
    <p>If set to Off, persistent and pooled connections are disabled.
    A new database connection is opened when requested by a client,
    and closed immediately on release.  This option is for debugging
    and low-usage servers.</p>

    <p>The default is to enable a pool of persistent connections
    (or a single LAMP-style persistent connection in the case of a
    non-threaded server), and should almost always be used in operation.</p>

    <p>Prior to version 2.2.2, this directive accepted only the values
    <code>0</code> and <code>1</code> instead of <code>Off</code> and
    <code>On</code>, respectively.</p>
</usage>
</directivesynopsis>

<directivesynopsis>
<name>DBDPrepareSQL</name>
<description>Define an SQL prepared statement</description>
<syntax>DBDPrepareSQL <var>"SQL statement"</var> <var>label</var></syntax>
<contextlist><context>server config</context><context>virtual host</context>
</contextlist>

<usage>
    <p>For modules such as authentication that repeatedly use a
    single SQL statement, optimum performance is achieved by preparing
    the statement at startup rather than every time it is used.
    This directive prepares an SQL statement and assigns it a label.</p>
</usage>
</directivesynopsis>

<directivesynopsis>
<name>DBDMin</name>
<description>Minimum number of connections</description>
<syntax>DBDMin <var>number</var></syntax>
<default>DBDMin 1</default>
<contextlist><context>server config</context><context>virtual host</context>
</contextlist>

<usage>
    <p>Set the minimum number of connections per process (threaded
    platforms only).</p>
</usage>
</directivesynopsis>

<directivesynopsis>
<name>DBDKeep</name>
<description>Maximum sustained number of connections</description>
<syntax>DBDKeep <var>number</var></syntax>
<default>DBDKeep 2</default>
<contextlist><context>server config</context><context>virtual host</context>
</contextlist>

<usage>
    <p>Set the maximum number of connections per process to be
    sustained, other than for handling peak demand (threaded
    platforms only).</p>
</usage>
</directivesynopsis>

<directivesynopsis>
<name>DBDMax</name>
<description>Maximum number of connections</description>
<syntax>DBDMax <var>number</var></syntax>
<default>DBDMax 10</default>
<contextlist><context>server config</context><context>virtual host</context>
</contextlist>

<usage>
    <p>Set the hard maximum number of connections per process
    (threaded platforms only).</p>
</usage>
</directivesynopsis>

<directivesynopsis>
<name>DBDExptime</name>
<description>Keepalive time for idle connections</description>
<syntax>DBDExptime <var>time-in-seconds</var></syntax>
<default>DBDExptime 300</default>
<contextlist><context>server config</context><context>virtual host</context>
</contextlist>

<usage>
    <p>Set the time to keep idle connections alive when the number
    of connections specified in DBDKeep has been exceeded (threaded
    platforms only).</p>
</usage>
</directivesynopsis>

<directivesynopsis>
<name>DBDInitSQL</name>
<description>Execute an SQL statement after connecting to a database</description>
<syntax>DBDInitSQL <var>"SQL statement"</var></syntax>
<contextlist><context>server config</context><context>virtual host</context>
</contextlist>

<usage>
    <p>Modules, that wish it, can have one or more SQL statements 
    executed when a connection to a database is created. Example 
    usage could be initializing certain values or adding a log 
    entry when a new connection is made to the database.</p>
</usage>
</directivesynopsis>

</modulesynopsis>
