<?xml version="1.0" encoding="UTF-8" ?>
<!DOCTYPE manualpage SYSTEM "../style/manualpage.dtd">
<?xml-stylesheet type="text/xsl" href="../style/manual.en.xsl"?>
<!-- $LastChangedRevision$ -->

<!--
 Licensed to the Apache Software Foundation (ASF) under one or more
 contributor license agreements.  See the NOTICE file distributed with
 this work for additional information regarding copyright ownership.
 The ASF licenses this file to You under the Apache License, Version 2.0
 (the "License"); you may not use this file except in compliance with
 the License.  You may obtain a copy of the License at

     http://www.apache.org/licenses/LICENSE-2.0

 Unless required by applicable law or agreed to in writing, software
 distributed under the License is distributed on an "AS IS" BASIS,
 WITHOUT WARRANTIES OR CONDITIONS OF ANY KIND, either express or implied.
 See the License for the specific language governing permissions and
 limitations under the License.
-->

<manualpage metafile="index.xml.meta">
<parentdocument href="../" />

<title>Developer Documentation for the Apache HTTP Server 2.4</title>

<summary>
    <note type="warning"><title>Warning</title>
    <p>Many of the documents listed here are in need of update.
    They are in different stages of progress.
    Please be patient and follow <a href="https://httpd.apache.org/docs-project/">this link</a>
    to propose a fix or point out any error/discrepancy.</p>
    </note>
</summary>

<section id="developing"><title>2.4 development documents</title>
    <ul>
      <li><a href="modguide.html">Developing modules for the Apache HTTP Server 2.4</a></li>
      <li><a href="hooks.html">Hook Functions in 2.4</a></li>
      <li><a href="request.html">Request Processing in 2.4</a></li>
      <li><a href="filters.html">How filters work in 2.4</a></li>
      <li><a href="output-filters.html">Guidelines for output filters in 2.4</a></li>
      <li><a href="documenting.html">Documenting code in 2.4</a></li>
      <li><a href="thread_safety.html">Thread Safety Issues in 2.4</a></li>
    </ul>
</section>

<section id="upgrading"><title>Upgrading to 2.4</title>
    <ul>
      <li><a href="new_api_2_4.html">API changes in 2.3/2.4</a></li>
      <li><a href="modules.html">Converting Modules from 1.3 to 2.x</a></li>
    </ul>
</section>

<section id="external"><title>External Resources</title>
    <ul>
      <li><a
        href="http://ci.apache.org/projects/httpd/trunk/doxygen/"
        >Autogenerated Apache HTTP Server (trunk) code documentation</a> (the link is built by
        this <a href="https://ci.apache.org/builders/httpd-doxygen-nightly">job</a>).
      </li>

      <li>Developer articles at <a href="http://www.apachetutor.org/">apachetutor</a> include:
      <ul>
        <li><a href="http://www.apachetutor.org/dev/request">Request Processing</a></li>
        <li><a href="http://www.apachetutor.org/dev/config">Configuration for Modules</a></li>
        <li><a href="http://www.apachetutor.org/dev/pools">Resource Management</a></li>
        <li><a href="http://www.apachetutor.org/dev/reslist">Connection Pooling</a></li>
        <li><a href="http://www.apachetutor.org/dev/brigades">Introduction to Buckets and Brigades</a></li>
      </ul></li>
    </ul>
</section>
</manualpage>

